"id";"title";"date";"picture";"score";"isSeries";"createdAt";"updatedAt"
1;"Snow White and the Seven Dwarfs";"1937-12-21 00:00:00";"https://picsum.photos/500/300?random=1";3;0;"2022-05-01 00:00:00";"2022-05-01 00:00:00"
2;"Pinocchio";"1940-02-07 00:00:00";"https://picsum.photos/500/300?random=1";3;0;"2022-05-01 00:00:00";"2022-05-01 00:00:00"
3;"Fantasia";"1940-11-13 00:00:00";"https://picsum.photos/500/300?random=1";1;1;"2022-05-01 00:00:00";"2022-05-01 00:00:00"
4;"The Reluctant Dragon";"1941-06-20 00:00:00";"https://picsum.photos/500/300?random=1";5;1;"2022-05-01 00:00:00";"2022-05-01 00:00:00"
5;"Dumbo";"1941-10-23 00:00:00";"https://picsum.photos/500/300?random=1";1;0;"2022-05-01 00:00:00";"2022-05-01 00:00:00"
6;"Bambi";"1942-08-09 00:00:00";"https://picsum.photos/500/300?random=1";4;1;"2022-05-01 00:00:00";"2022-05-01 00:00:00"
7;"Saludos Amigos";"1942-08-24 00:00:00";"https://picsum.photos/500/300?random=1";4;0;"2022-05-01 00:00:00";"2022-05-01 00:00:00"
8;"Victory Through Air Power";"1943-07-17 00:00:00";"https://picsum.photos/500/300?random=1";3;1;"2022-05-01 00:00:00";"2022-05-01 00:00:00"
9;"The Three Caballeros";"1944-12-21 00:00:00";"https://picsum.photos/500/300?random=1";5;0;"2022-05-01 00:00:00";"2022-05-01 00:00:00"
10;"Make Mine Music";"1946-04-20 00:00:00";"https://picsum.photos/500/300?random=1";5;0;"2022-05-01 00:00:00";"2022-05-01 00:00:00"
11;"Song of the South";"1946-11-12 00:00:00";"https://picsum.photos/500/300?random=1";1;1;"2022-05-01 00:00:00";"2022-05-01 00:00:00"
12;"Fun and Fancy Free";"1947-09-27 00:00:00";"https://picsum.photos/500/300?random=1";5;1;"2022-05-01 00:00:00";"2022-05-01 00:00:00"
13;"Melody Time";"1948-05-27 00:00:00";"https://picsum.photos/500/300?random=1";5;1;"2022-05-01 00:00:00";"2022-05-01 00:00:00"
14;"So Dear to My Heart";"1948-11-29 00:00:00";"https://picsum.photos/500/300?random=1";3;1;"2022-05-01 00:00:00";"2022-05-01 00:00:00"
15;"The Adventures of Ichabod and Mr. Toad";"1949-10-05 00:00:00";"https://picsum.photos/500/300?random=1";4;1;"2022-05-01 00:00:00";"2022-05-01 00:00:00"
16;"Cinderella";"1950-02-15 00:00:00";"https://picsum.photos/500/300?random=1";4;0;"2022-05-01 00:00:00";"2022-05-01 00:00:00"
17;"Treasure Island";"1950-06-22 00:00:00";"https://picsum.photos/500/300?random=1";3;0;"2022-05-01 00:00:00";"2022-05-01 00:00:00"
18;"Alice in Wonderland";"1951-07-26 00:00:00";"https://picsum.photos/500/300?random=1";3;0;"2022-05-01 00:00:00";"2022-05-01 00:00:00"
19;"The Story of Robin Hood and His Merrie Men";"1952-03-13 00:00:00";"https://picsum.photos/500/300?random=1";3;1;"2022-05-01 00:00:00";"2022-05-01 00:00:00"
20;"Peter Pan";"1953-02-05 00:00:00";"https://picsum.photos/500/300?random=1";2;0;"2022-05-01 00:00:00";"2022-05-01 00:00:00"
21;"The Sword and the Rose";"1953-08-08 00:00:00";"https://picsum.photos/500/300?random=1";1;1;"2022-05-01 00:00:00";"2022-05-01 00:00:00"
22;"The Living Desert";"1953-11-10 00:00:00";"https://picsum.photos/500/300?random=1";5;0;"2022-05-01 00:00:00";"2022-05-01 00:00:00"
23;"Rob Roy, the Highland Rogue";"1953-10-26 00:00:00";"https://picsum.photos/500/300?random=1";2;0;"2022-05-01 00:00:00";"2022-05-01 00:00:00"
24;"The Vanishing Prairie";"1954-08-17 00:00:00";"https://picsum.photos/500/300?random=1";1;1;"2022-05-01 00:00:00";"2022-05-01 00:00:00"
25;"20,000 Leagues Under the Sea";"1954-12-23 00:00:00";"https://picsum.photos/500/300?random=1";1;0;"2022-05-01 00:00:00";"2022-05-01 00:00:00"
26;"Davy Crockett, King of the Wild Frontier";"1955-05-25 00:00:00";"https://picsum.photos/500/300?random=1";2;1;"2022-05-01 00:00:00";"2022-05-01 00:00:00"
27;"Lady and the Tramp";"1955-06-22 00:00:00";"https://picsum.photos/500/300?random=1";4;1;"2022-05-01 00:00:00";"2022-05-01 00:00:00"
28;"The African Lion";"1955-09-14 00:00:00";"https://picsum.photos/500/300?random=1";3;0;"2022-05-01 00:00:00";"2022-05-01 00:00:00"
29;"The Littlest Outlaw";"1955-12-22 00:00:00";"https://picsum.photos/500/300?random=1";1;1;"2022-05-01 00:00:00";"2022-05-01 00:00:00"
30;"The Great Locomotive Chase";"1956-06-08 00:00:00";"https://picsum.photos/500/300?random=1";4;1;"2022-05-01 00:00:00";"2022-05-01 00:00:00"
31;"Davy Crockett and the River Pirates";"1956-07-18 00:00:00";"https://picsum.photos/500/300?random=1";2;1;"2022-05-01 00:00:00";"2022-05-01 00:00:00"
32;"Secrets of Life";"1956-11-06 00:00:00";"https://picsum.photos/500/300?random=1";4;0;"2022-05-01 00:00:00";"2022-05-01 00:00:00"
33;"Westward Ho the Wagons!";"1956-12-20 00:00:00";"https://picsum.photos/500/300?random=1";5;1;"2022-05-01 00:00:00";"2022-05-01 00:00:00"
34;"Johnny Tremain";"1957-06-19 00:00:00";"https://picsum.photos/500/300?random=1";4;0;"2022-05-01 00:00:00";"2022-05-01 00:00:00"
35;"Perri";"1957-08-28 00:00:00";"https://picsum.photos/500/300?random=1";1;0;"2022-05-01 00:00:00";"2022-05-01 00:00:00"
36;"Old Yeller";"1957-12-25 00:00:00";"https://picsum.photos/500/300?random=1";5;1;"2022-05-01 00:00:00";"2022-05-01 00:00:00"
37;"The Light in the Forest";"1958-07-09 00:00:00";"https://picsum.photos/500/300?random=1";1;1;"2022-05-01 00:00:00";"2022-05-01 00:00:00"
38;"White Wilderness";"1958-08-12 00:00:00";"https://picsum.photos/500/300?random=1";1;1;"2022-05-01 00:00:00";"2022-05-01 00:00:00"
39;"Tonka";"1958-12-25 00:00:00";"https://picsum.photos/500/300?random=1";4;1;"2022-05-01 00:00:00";"2022-05-01 00:00:00"
40;"Sleeping Beauty";"1959-01-29 00:00:00";"https://picsum.photos/500/300?random=1";5;0;"2022-05-01 00:00:00";"2022-05-01 00:00:00"
41;"The Shaggy Dog";"1959-03-19 00:00:00";"https://picsum.photos/500/300?random=1";5;0;"2022-05-01 00:00:00";"2022-05-01 00:00:00"
42;"Darby O'Gill and the Little People";"1959-06-24 00:00:00";"https://picsum.photos/500/300?random=1";1;0;"2022-05-01 00:00:00";"2022-05-01 00:00:00"
43;"Third Man on the Mountain";"1959-11-10 00:00:00";"https://picsum.photos/500/300?random=1";2;0;"2022-05-01 00:00:00";"2022-05-01 00:00:00"
44;"Toby Tyler";"1960-01-21 00:00:00";"https://picsum.photos/500/300?random=1";1;0;"2022-05-01 00:00:00";"2022-05-01 00:00:00"
45;"Kidnapped";"1960-02-24 00:00:00";"https://picsum.photos/500/300?random=1";3;0;"2022-05-01 00:00:00";"2022-05-01 00:00:00"
46;"Pollyanna";"1960-05-19 00:00:00";"https://picsum.photos/500/300?random=1";1;1;"2022-05-01 00:00:00";"2022-05-01 00:00:00"
47;"Jungle Cat";"1960-08-10 00:00:00";"https://picsum.photos/500/300?random=1";2;1;"2022-05-01 00:00:00";"2022-05-01 00:00:00"
48;"Ten Who Dared";"1960-11-01 00:00:00";"https://picsum.photos/500/300?random=1";2;0;"2022-05-01 00:00:00";"2022-05-01 00:00:00"
49;"Swiss Family Robinson";"1960-12-21 00:00:00";"https://picsum.photos/500/300?random=1";5;1;"2022-05-01 00:00:00";"2022-05-01 00:00:00"
50;"One Hundred and One Dalmatians";"1961-01-25 00:00:00";"https://picsum.photos/500/300?random=1";1;0;"2022-05-01 00:00:00";"2022-05-01 00:00:00"
51;"The Absent-Minded Professor";"1961-03-16 00:00:00";"https://picsum.photos/500/300?random=1";3;0;"2022-05-01 00:00:00";"2022-05-01 00:00:00"
52;"The Parent Trap";"1961-06-21 00:00:00";"https://picsum.photos/500/300?random=1";5;1;"2022-05-01 00:00:00";"2022-05-01 00:00:00"
53;"Nikki, Wild Dog of the North";"1961-07-12 00:00:00";"https://picsum.photos/500/300?random=1";3;1;"2022-05-01 00:00:00";"2022-05-01 00:00:00"
54;"Greyfriars Bobby";"1961-07-17 00:00:00";"https://picsum.photos/500/300?random=1";2;0;"2022-05-01 00:00:00";"2022-05-01 00:00:00"
55;"Babes in Toyland";"1961-12-14 00:00:00";"https://picsum.photos/500/300?random=1";5;0;"2022-05-01 00:00:00";"2022-05-01 00:00:00"
56;"Moon Pilot";"1962-04-05 00:00:00";"https://picsum.photos/500/300?random=1";3;1;"2022-05-01 00:00:00";"2022-05-01 00:00:00"
57;"Bon Voyage!";"1962-05-17 00:00:00";"https://picsum.photos/500/300?random=1";1;1;"2022-05-01 00:00:00";"2022-05-01 00:00:00"
58;"Big Red";"1962-06-06 00:00:00";"https://picsum.photos/500/300?random=1";2;1;"2022-05-01 00:00:00";"2022-05-01 00:00:00"
59;"Almost Angels";"1962-09-26 00:00:00";"https://picsum.photos/500/300?random=1";5;1;"2022-05-01 00:00:00";"2022-05-01 00:00:00"
60;"The Legend of Lobo";"1962-11-07 00:00:00";"https://picsum.photos/500/300?random=1";4;1;"2022-05-01 00:00:00";"2022-05-01 00:00:00"
61;"In Search of the Castaways";"1962-12-19 00:00:00";"https://picsum.photos/500/300?random=1";1;0;"2022-05-01 00:00:00";"2022-05-01 00:00:00"
62;"Son of Flubber";"1963-01-16 00:00:00";"https://picsum.photos/500/300?random=1";5;0;"2022-05-01 00:00:00";"2022-05-01 00:00:00"
63;"Miracle of the White Stallions";"1963-03-29 00:00:00";"https://picsum.photos/500/300?random=1";1;0;"2022-05-01 00:00:00";"2022-05-01 00:00:00"
64;"Savage Sam";"1963-06-01 00:00:00";"https://picsum.photos/500/300?random=1";4;1;"2022-05-01 00:00:00";"2022-05-01 00:00:00"
65;"Summer Magic";"1963-07-07 00:00:00";"https://picsum.photos/500/300?random=1";2;1;"2022-05-01 00:00:00";"2022-05-01 00:00:00"
66;"The Incredible Journey";"1963-11-20 00:00:00";"https://picsum.photos/500/300?random=1";1;0;"2022-05-01 00:00:00";"2022-05-01 00:00:00"
67;"The Sword in the Stone";"1963-12-25 00:00:00";"https://picsum.photos/500/300?random=1";5;0;"2022-05-01 00:00:00";"2022-05-01 00:00:00"
68;"A Tiger Walks";"1964-03-12 00:00:00";"https://picsum.photos/500/300?random=1";4;1;"2022-05-01 00:00:00";"2022-05-01 00:00:00"
69;"The Misadventures of Merlin Jones";"1964-02-11 00:00:00";"https://picsum.photos/500/300?random=1";5;0;"2022-05-01 00:00:00";"2022-05-01 00:00:00"
70;"The Three Lives of Thomasina";"1963-12-11 00:00:00";"https://picsum.photos/500/300?random=1";5;0;"2022-05-01 00:00:00";"2022-05-01 00:00:00"
71;"The Moon-Spinners";"1964-07-02 00:00:00";"https://picsum.photos/500/300?random=1";3;0;"2022-05-01 00:00:00";"2022-05-01 00:00:00"
72;"Mary Poppins";"1964-08-27 00:00:00";"https://picsum.photos/500/300?random=1";1;0;"2022-05-01 00:00:00";"2022-05-01 00:00:00"
73;"Emil and the Detectives";"1964-12-18 00:00:00";"https://picsum.photos/500/300?random=1";2;0;"2022-05-01 00:00:00";"2022-05-01 00:00:00"
74;"Those Calloways";"1965-01-28 00:00:00";"https://picsum.photos/500/300?random=1";2;0;"2022-05-01 00:00:00";"2022-05-01 00:00:00"
75;"The Monkey's Uncle";"1965-08-18 00:00:00";"https://picsum.photos/500/300?random=1";1;0;"2022-05-01 00:00:00";"2022-05-01 00:00:00"
76;"That Darn Cat!";"1965-12-02 00:00:00";"https://picsum.photos/500/300?random=1";3;0;"2022-05-01 00:00:00";"2022-05-01 00:00:00"
77;"The Ugly Dachshund";"1966-02-04 00:00:00";"https://picsum.photos/500/300?random=1";5;1;"2022-05-01 00:00:00";"2022-05-01 00:00:00"
78;"Lt. Robin Crusoe, U.S.N.";"1966-06-25 00:00:00";"https://picsum.photos/500/300?random=1";5;1;"2022-05-01 00:00:00";"2022-05-01 00:00:00"
79;"The Fighting Prince of Donegal";"1966-10-01 00:00:00";"https://picsum.photos/500/300?random=1";4;1;"2022-05-01 00:00:00";"2022-05-01 00:00:00"
80;"Follow Me, Boys!";"1966-12-01 00:00:00";"https://picsum.photos/500/300?random=1";5;0;"2022-05-01 00:00:00";"2022-05-01 00:00:00"
81;"Monkeys, Go Home!";"1967-02-08 00:00:00";"https://picsum.photos/500/300?random=1";4;0;"2022-05-01 00:00:00";"2022-05-01 00:00:00"
82;"The Adventures of Bullwhip Griffin";"1967-03-08 00:00:00";"https://picsum.photos/500/300?random=1";3;0;"2022-05-01 00:00:00";"2022-05-01 00:00:00"
83;"The Gnome-Mobile";"1967-07-12 00:00:00";"https://picsum.photos/500/300?random=1";5;0;"2022-05-01 00:00:00";"2022-05-01 00:00:00"
84;"The Jungle Book";"1967-10-18 00:00:00";"https://picsum.photos/500/300?random=1";1;1;"2022-05-01 00:00:00";"2022-05-01 00:00:00"
85;"Charlie, the Lonesome Cougar";"1967-10-18 00:00:00";"https://picsum.photos/500/300?random=1";3;1;"2022-05-01 00:00:00";"2022-05-01 00:00:00"
86;"The Happiest Millionaire";"1967-06-23 00:00:00";"https://picsum.photos/500/300?random=1";5;1;"2022-05-01 00:00:00";"2022-05-01 00:00:00"
87;"Blackbeard's Ghost";"1968-02-08 00:00:00";"https://picsum.photos/500/300?random=1";2;0;"2022-05-01 00:00:00";"2022-05-01 00:00:00"
88;"The One and Only, Genuine, Original Family Band";"1968-03-21 00:00:00";"https://picsum.photos/500/300?random=1";2;0;"2022-05-01 00:00:00";"2022-05-01 00:00:00"
89;"Never a Dull Moment";"1968-06-26 00:00:00";"https://picsum.photos/500/300?random=1";5;1;"2022-05-01 00:00:00";"2022-05-01 00:00:00"
90;"The Horse in the Gray Flannel Suit";"1968-12-20 00:00:00";"https://picsum.photos/500/300?random=1";2;0;"2022-05-01 00:00:00";"2022-05-01 00:00:00"
91;"The Love Bug";"1968-12-24 00:00:00";"https://picsum.photos/500/300?random=1";2;0;"2022-05-01 00:00:00";"2022-05-01 00:00:00"
92;"Smith!";"1969-03-21 00:00:00";"https://picsum.photos/500/300?random=1";1;1;"2022-05-01 00:00:00";"2022-05-01 00:00:00"
93;"Rascal";"1969-06-11 00:00:00";"https://picsum.photos/500/300?random=1";4;0;"2022-05-01 00:00:00";"2022-05-01 00:00:00"
94;"The Computer Wore Tennis Shoes";"1969-12-31 00:00:00";"https://picsum.photos/500/300?random=1";1;0;"2022-05-01 00:00:00";"2022-05-01 00:00:00"
95;"King of the Grizzlies";"1970-02-11 00:00:00";"https://picsum.photos/500/300?random=1";1;0;"2022-05-01 00:00:00";"2022-05-01 00:00:00"
96;"The Boatniks";"1970-07-01 00:00:00";"https://picsum.photos/500/300?random=1";3;0;"2022-05-01 00:00:00";"2022-05-01 00:00:00"
97;"The Wild Country";"1970-12-15 00:00:00";"https://picsum.photos/500/300?random=1";3;1;"2022-05-01 00:00:00";"2022-05-01 00:00:00"
98;"The Aristocats";"1970-12-11 00:00:00";"https://picsum.photos/500/300?random=1";5;1;"2022-05-01 00:00:00";"2022-05-01 00:00:00"
99;"The Barefoot Executive";"1971-03-17 00:00:00";"https://picsum.photos/500/300?random=1";3;1;"2022-05-01 00:00:00";"2022-05-01 00:00:00"
100;"Scandalous John";"1971-06-22 00:00:00";"https://picsum.photos/500/300?random=1";5;0;"2022-05-01 00:00:00";"2022-05-01 00:00:00"
101;"Million Dollar Duck";"1971-06-30 00:00:00";"https://picsum.photos/500/300?random=1";3;1;"2022-05-01 00:00:00";"2022-05-01 00:00:00"
102;"Bedknobs and Broomsticks";"1971-10-07 00:00:00";"https://picsum.photos/500/300?random=1";4;1;"2022-05-01 00:00:00";"2022-05-01 00:00:00"
103;"The Biscuit Eater";"1972-03-22 00:00:00";"https://picsum.photos/500/300?random=1";5;1;"2022-05-01 00:00:00";"2022-05-01 00:00:00"
104;"Now You See Him, Now You Don't";"1972-07-12 00:00:00";"https://picsum.photos/500/300?random=1";3;1;"2022-05-01 00:00:00";"2022-05-01 00:00:00"
105;"Napoleon and Samantha";"1972-07-05 00:00:00";"https://picsum.photos/500/300?random=1";4;1;"2022-05-01 00:00:00";"2022-05-01 00:00:00"
106;"Run, Cougar, Run";"1972-10-18 00:00:00";"https://picsum.photos/500/300?random=1";4;1;"2022-05-01 00:00:00";"2022-05-01 00:00:00"
107;"Snowball Express";"1972-12-22 00:00:00";"https://picsum.photos/500/300?random=1";1;0;"2022-05-01 00:00:00";"2022-05-01 00:00:00"
108;"The World's Greatest Athlete";"1973-02-01 00:00:00";"https://picsum.photos/500/300?random=1";3;1;"2022-05-01 00:00:00";"2022-05-01 00:00:00"
109;"Charley and the Angel";"1973-03-23 00:00:00";"https://picsum.photos/500/300?random=1";5;1;"2022-05-01 00:00:00";"2022-05-01 00:00:00"
110;"One Little Indian";"1973-06-20 00:00:00";"https://picsum.photos/500/300?random=1";1;0;"2022-05-01 00:00:00";"2022-05-01 00:00:00"
111;"Robin Hood";"1973-11-08 00:00:00";"https://picsum.photos/500/300?random=1";5;1;"2022-05-01 00:00:00";"2022-05-01 00:00:00"
112;"Superdad";"1973-12-14 00:00:00";"https://picsum.photos/500/300?random=1";1;1;"2022-05-01 00:00:00";"2022-05-01 00:00:00"
113;"Herbie Rides Again";"1974-06-06 00:00:00";"https://picsum.photos/500/300?random=1";3;0;"2022-05-01 00:00:00";"2022-05-01 00:00:00"
114;"The Bears and I";"1974-07-31 00:00:00";"https://picsum.photos/500/300?random=1";3;1;"2022-05-01 00:00:00";"2022-05-01 00:00:00"
115;"The Castaway Cowboy";"1974-08-01 00:00:00";"https://picsum.photos/500/300?random=1";2;0;"2022-05-01 00:00:00";"2022-05-01 00:00:00"
116;"The Island at the Top of the World";"1974-12-20 00:00:00";"https://picsum.photos/500/300?random=1";1;0;"2022-05-01 00:00:00";"2022-05-01 00:00:00"
117;"The Strongest Man in the World";"1975-02-06 00:00:00";"https://picsum.photos/500/300?random=1";5;0;"2022-05-01 00:00:00";"2022-05-01 00:00:00"
118;"Escape to Witch Mountain";"1975-03-21 00:00:00";"https://picsum.photos/500/300?random=1";3;0;"2022-05-01 00:00:00";"2022-05-01 00:00:00"
119;"The Apple Dumpling Gang";"1975-07-24 00:00:00";"https://picsum.photos/500/300?random=1";1;0;"2022-05-01 00:00:00";"2022-05-01 00:00:00"
120;"One of Our Dinosaurs is Missing";"1975-07-09 00:00:00";"https://picsum.photos/500/300?random=1";1;0;"2022-05-01 00:00:00";"2022-05-01 00:00:00"
121;"The Best of Walt Disney's True-Life Adventures";"1975-10-08 00:00:00";"https://picsum.photos/500/300?random=1";3;1;"2022-05-01 00:00:00";"2022-05-01 00:00:00"
122;"Ride a Wild Pony";"1975-12-25 00:00:00";"https://picsum.photos/500/300?random=1";4;0;"2022-05-01 00:00:00";"2022-05-01 00:00:00"
123;"No Deposit, No Return";"1976-02-11 00:00:00";"https://picsum.photos/500/300?random=1";4;1;"2022-05-01 00:00:00";"2022-05-01 00:00:00"
124;"Treasure of Matecumbe";"1976-07-01 00:00:00";"https://picsum.photos/500/300?random=1";4;1;"2022-05-01 00:00:00";"2022-05-01 00:00:00"
125;"Gus";"1976-07-07 00:00:00";"https://picsum.photos/500/300?random=1";5;0;"2022-05-01 00:00:00";"2022-05-01 00:00:00"
126;"The Shaggy D.A.";"1976-12-17 00:00:00";"https://picsum.photos/500/300?random=1";2;1;"2022-05-01 00:00:00";"2022-05-01 00:00:00"
127;"Freaky Friday";"1976-12-17 00:00:00";"https://picsum.photos/500/300?random=1";5;0;"2022-05-01 00:00:00";"2022-05-01 00:00:00"
128;"Escape from the Dark";"1976-05-26 00:00:00";"https://picsum.photos/500/300?random=1";4;0;"2022-05-01 00:00:00";"2022-05-01 00:00:00"
129;"The Many Adventures of";"1977-03-11 00:00:00";"https://picsum.photos/500/300?random=1";2;1;"2022-05-01 00:00:00";"2022-05-01 00:00:00"
130;"A Tale of Two Critters";"1977-06-22 00:00:00";"https://picsum.photos/500/300?random=1";2;0;"2022-05-01 00:00:00";"2022-05-01 00:00:00"
131;"The Rescuers";"1977-06-22 00:00:00";"https://picsum.photos/500/300?random=1";3;0;"2022-05-01 00:00:00";"2022-05-01 00:00:00"
132;"Herbie Goes to Monte Carlo";"1977-06-24 00:00:00";"https://picsum.photos/500/300?random=1";1;0;"2022-05-01 00:00:00";"2022-05-01 00:00:00"
133;"Pete's Dragon";"1977-11-03 00:00:00";"https://picsum.photos/500/300?random=1";1;1;"2022-05-01 00:00:00";"2022-05-01 00:00:00"
134;"Candleshoe";"1977-12-16 00:00:00";"https://picsum.photos/500/300?random=1";1;1;"2022-05-01 00:00:00";"2022-05-01 00:00:00"
135;"Return from Witch Mountain";"1978-03-10 00:00:00";"https://picsum.photos/500/300?random=1";3;0;"2022-05-01 00:00:00";"2022-05-01 00:00:00"
136;"The Cat from Outer Space";"1978-06-30 00:00:00";"https://picsum.photos/500/300?random=1";3;1;"2022-05-01 00:00:00";"2022-05-01 00:00:00"
137;"Hot Lead and Cold Feet";"1978-07-05 00:00:00";"https://picsum.photos/500/300?random=1";3;1;"2022-05-01 00:00:00";"2022-05-01 00:00:00"
138;"The North Avenue Irregulars";"1979-02-09 00:00:00";"https://picsum.photos/500/300?random=1";1;0;"2022-05-01 00:00:00";"2022-05-01 00:00:00"
139;"The Apple Dumpling Gang Rides Again";"1979-06-27 00:00:00";"https://picsum.photos/500/300?random=1";2;0;"2022-05-01 00:00:00";"2022-05-01 00:00:00"
140;"Unidentified Flying Oddball";"1979-07-19 00:00:00";"https://picsum.photos/500/300?random=1";4;0;"2022-05-01 00:00:00";"2022-05-01 00:00:00"
141;"The Black Hole";"1979-12-18 00:00:00";"https://picsum.photos/500/300?random=1";3;0;"2022-05-01 00:00:00";"2022-05-01 00:00:00"
142;"The Omega Connection";"1979-12-21 00:00:00";"https://picsum.photos/500/300?random=1";2;0;"2022-05-01 00:00:00";"2022-05-01 00:00:00"
143;"Midnight Madness";"1980-02-08 00:00:00";"https://picsum.photos/500/300?random=1";3;0;"2022-05-01 00:00:00";"2022-05-01 00:00:00"
144;"The Watcher in the Woods";"1980-04-17 00:00:00";"https://picsum.photos/500/300?random=1";2;1;"2022-05-01 00:00:00";"2022-05-01 00:00:00"
145;"Herbie Goes Bananas";"1980-06-27 00:00:00";"https://picsum.photos/500/300?random=1";1;1;"2022-05-01 00:00:00";"2022-05-01 00:00:00"
146;"The Last Flight of Noah's Ark";"1980-07-09 00:00:00";"https://picsum.photos/500/300?random=1";1;0;"2022-05-01 00:00:00";"2022-05-01 00:00:00"
147;"Popeye";"1980-12-06 00:00:00";"https://picsum.photos/500/300?random=1";5;0;"2022-05-01 00:00:00";"2022-05-01 00:00:00"
148;"The Devil and Max Devlin";"1981-02-11 00:00:00";"https://picsum.photos/500/300?random=1";3;1;"2022-05-01 00:00:00";"2022-05-01 00:00:00"
149;"Amy";"1981-03-20 00:00:00";"https://picsum.photos/500/300?random=1";1;0;"2022-05-01 00:00:00";"2022-05-01 00:00:00"
150;"Dragonslayer";"1981-06-26 00:00:00";"https://picsum.photos/500/300?random=1";5;0;"2022-05-01 00:00:00";"2022-05-01 00:00:00"
151;"The Fox and the Hound";"1981-07-10 00:00:00";"https://picsum.photos/500/300?random=1";4;1;"2022-05-01 00:00:00";"2022-05-01 00:00:00"
152;"Condorman";"1981-08-07 00:00:00";"https://picsum.photos/500/300?random=1";2;1;"2022-05-01 00:00:00";"2022-05-01 00:00:00"
153;"Night Crossing";"1982-02-05 00:00:00";"https://picsum.photos/500/300?random=1";3;1;"2022-05-01 00:00:00";"2022-05-01 00:00:00"
154;"Tron";"1982-07-09 00:00:00";"https://picsum.photos/500/300?random=1";5;1;"2022-05-01 00:00:00";"2022-05-01 00:00:00"
155;"Tex";"1982-07-30 00:00:00";"https://picsum.photos/500/300?random=1";2;0;"2022-05-01 00:00:00";"2022-05-01 00:00:00"
156;"Trenchcoat";"1983-03-11 00:00:00";"https://picsum.photos/500/300?random=1";3;1;"2022-05-01 00:00:00";"2022-05-01 00:00:00"
157;"Something Wicked This Way Comes";"1983-04-29 00:00:00";"https://picsum.photos/500/300?random=1";2;0;"2022-05-01 00:00:00";"2022-05-01 00:00:00"
158;"Never Cry Wolf";"1983-10-07 00:00:00";"https://picsum.photos/500/300?random=1";2;0;"2022-05-01 00:00:00";"2022-05-01 00:00:00"
159;"Return to Oz";"1985-06-21 00:00:00";"https://picsum.photos/500/300?random=1";5;1;"2022-05-01 00:00:00";"2022-05-01 00:00:00"
160;"The Black Cauldron";"1985-07-26 00:00:00";"https://picsum.photos/500/300?random=1";2;0;"2022-05-01 00:00:00";"2022-05-01 00:00:00"
161;"The Journey of Natty Gann";"1985-09-27 00:00:00";"https://picsum.photos/500/300?random=1";2;0;"2022-05-01 00:00:00";"2022-05-01 00:00:00"
162;"One Magic Christmas";"1985-11-22 00:00:00";"https://picsum.photos/500/300?random=1";3;1;"2022-05-01 00:00:00";"2022-05-01 00:00:00"
163;"The Great Mouse Detective";"1986-07-02 00:00:00";"https://picsum.photos/500/300?random=1";4;1;"2022-05-01 00:00:00";"2022-05-01 00:00:00"
164;"Flight of the Navigator";"1986-08-01 00:00:00";"https://picsum.photos/500/300?random=1";4;1;"2022-05-01 00:00:00";"2022-05-01 00:00:00"
165;"Benji the Hunted";"1987-06-05 00:00:00";"https://picsum.photos/500/300?random=1";3;0;"2022-05-01 00:00:00";"2022-05-01 00:00:00"
166;"The Man from Snowy River II";"1988-03-24 00:00:00";"https://picsum.photos/500/300?random=1";1;0;"2022-05-01 00:00:00";"2022-05-01 00:00:00"
167;"Oliver & Company";"1988-11-18 00:00:00";"https://picsum.photos/500/300?random=1";5;1;"2022-05-01 00:00:00";"2022-05-01 00:00:00"
168;"Honey, I Shrunk the Kids";"1989-06-23 00:00:00";"https://picsum.photos/500/300?random=1";2;1;"2022-05-01 00:00:00";"2022-05-01 00:00:00"
169;"Cheetah";"1989-08-18 00:00:00";"https://picsum.photos/500/300?random=1";4;1;"2022-05-01 00:00:00";"2022-05-01 00:00:00"
170;"The Little Mermaid";"1989-11-17 00:00:00";"https://picsum.photos/500/300?random=1";5;1;"2022-05-01 00:00:00";"2022-05-01 00:00:00"
171;"DuckTales the Movie: Treasure of the Lost Lamp";"1990-08-03 00:00:00";"https://picsum.photos/500/300?random=1";3;0;"2022-05-01 00:00:00";"2022-05-01 00:00:00"
172;"The Rescuers Down Under";"1990-11-16 00:00:00";"https://picsum.photos/500/300?random=1";1;1;"2022-05-01 00:00:00";"2022-05-01 00:00:00"
173;"White Fang";"1991-01-18 00:00:00";"https://picsum.photos/500/300?random=1";1;0;"2022-05-01 00:00:00";"2022-05-01 00:00:00"
174;"Shipwrecked";"1990-10-03 00:00:00";"https://picsum.photos/500/300?random=1";4;0;"2022-05-01 00:00:00";"2022-05-01 00:00:00"
175;"Wild Hearts Can't Be Broken";"1991-05-24 00:00:00";"https://picsum.photos/500/300?random=1";5;1;"2022-05-01 00:00:00";"2022-05-01 00:00:00"
176;"The Rocketeer";"1991-06-21 00:00:00";"https://picsum.photos/500/300?random=1";5;0;"2022-05-01 00:00:00";"2022-05-01 00:00:00"
177;"Beauty and the Beast";"1991-09-29 00:00:00";"https://picsum.photos/500/300?random=1";4;0;"2022-05-01 00:00:00";"2022-05-01 00:00:00"
178;"Newsies";"1992-04-10 00:00:00";"https://picsum.photos/500/300?random=1";4;0;"2022-05-01 00:00:00";"2022-05-01 00:00:00"
179;"Honey, I Blew Up the Kid";"1992-07-17 00:00:00";"https://picsum.photos/500/300?random=1";1;0;"2022-05-01 00:00:00";"2022-05-01 00:00:00"
180;"The Mighty Ducks";"1992-10-02 00:00:00";"https://picsum.photos/500/300?random=1";5;0;"2022-05-01 00:00:00";"2022-05-01 00:00:00"
181;"Aladdin";"1992-11-25 00:00:00";"https://picsum.photos/500/300?random=1";2;1;"2022-05-01 00:00:00";"2022-05-01 00:00:00"
182;"The Muppet Christmas Carol";"1992-12-11 00:00:00";"https://picsum.photos/500/300?random=1";3;0;"2022-05-01 00:00:00";"2022-05-01 00:00:00"
183;"Homeward Bound: The Incredible Journey";"1993-02-03 00:00:00";"https://picsum.photos/500/300?random=1";2;1;"2022-05-01 00:00:00";"2022-05-01 00:00:00"
184;"A Far Off Place";"1993-03-12 00:00:00";"https://picsum.photos/500/300?random=1";4;0;"2022-05-01 00:00:00";"2022-05-01 00:00:00"
185;"The Adventures of Huck Finn";"1993-04-02 00:00:00";"https://picsum.photos/500/300?random=1";2;0;"2022-05-01 00:00:00";"2022-05-01 00:00:00"
186;"Hocus Pocus";"1993-07-16 00:00:00";"https://picsum.photos/500/300?random=1";4;0;"2022-05-01 00:00:00";"2022-05-01 00:00:00"
187;"Cool Runnings";"1993-10-01 00:00:00";"https://picsum.photos/500/300?random=1";3;0;"2022-05-01 00:00:00";"2022-05-01 00:00:00"
188;"The Three Musketeers";"1993-11-12 00:00:00";"https://picsum.photos/500/300?random=1";2;1;"2022-05-01 00:00:00";"2022-05-01 00:00:00"
189;"Iron Will";"1994-01-14 00:00:00";"https://picsum.photos/500/300?random=1";5;0;"2022-05-01 00:00:00";"2022-05-01 00:00:00"
190;"Blank Check";"1994-02-11 00:00:00";"https://picsum.photos/500/300?random=1";3;0;"2022-05-01 00:00:00";"2022-05-01 00:00:00"
191;"D2: The Mighty Ducks";"1994-03-25 00:00:00";"https://picsum.photos/500/300?random=1";5;1;"2022-05-01 00:00:00";"2022-05-01 00:00:00"
192;"White Fang 2: Myth of the White Wolf";"1994-04-15 00:00:00";"https://picsum.photos/500/300?random=1";5;1;"2022-05-01 00:00:00";"2022-05-01 00:00:00"
193;"The Lion King";"1994-06-15 00:00:00";"https://picsum.photos/500/300?random=1";1;0;"2022-05-01 00:00:00";"2022-05-01 00:00:00"
194;"Angels in the Outfield";"1994-07-15 00:00:00";"https://picsum.photos/500/300?random=1";3;1;"2022-05-01 00:00:00";"2022-05-01 00:00:00"
195;"Squanto: A Warrior's Tale";"1994-10-28 00:00:00";"https://picsum.photos/500/300?random=1";2;1;"2022-05-01 00:00:00";"2022-05-01 00:00:00"
196;"The Santa Clause";"1994-11-11 00:00:00";"https://picsum.photos/500/300?random=1";5;1;"2022-05-01 00:00:00";"2022-05-01 00:00:00"
197;"Rudyard Kipling's The Jungle Book";"1994-12-25 00:00:00";"https://picsum.photos/500/300?random=1";2;1;"2022-05-01 00:00:00";"2022-05-01 00:00:00"
198;"Heavyweights";"1995-02-17 00:00:00";"https://picsum.photos/500/300?random=1";5;0;"2022-05-01 00:00:00";"2022-05-01 00:00:00"
199;"Man of the House";"1995-03-03 00:00:00";"https://picsum.photos/500/300?random=1";2;0;"2022-05-01 00:00:00";"2022-05-01 00:00:00"
200;"Tall Tale";"1995-03-24 00:00:00";"https://picsum.photos/500/300?random=1";4;1;"2022-05-01 00:00:00";"2022-05-01 00:00:00"
201;"A Goofy Movie";"1995-04-07 00:00:00";"https://picsum.photos/500/300?random=1";3;0;"2022-05-01 00:00:00";"2022-05-01 00:00:00"
202;"Pocahontas";"1995-06-23 00:00:00";"https://picsum.photos/500/300?random=1";2;0;"2022-05-01 00:00:00";"2022-05-01 00:00:00"
203;"Operation Dumbo Drop";"1995-07-28 00:00:00";"https://picsum.photos/500/300?random=1";3;1;"2022-05-01 00:00:00";"2022-05-01 00:00:00"
204;"A Kid in King Arthur's Court";"1995-08-11 00:00:00";"https://picsum.photos/500/300?random=1";2;1;"2022-05-01 00:00:00";"2022-05-01 00:00:00"
205;"The Big Green";"1995-09-29 00:00:00";"https://picsum.photos/500/300?random=1";5;0;"2022-05-01 00:00:00";"2022-05-01 00:00:00"
206;"Frank and Ollie";"1995-01-22 00:00:00";"https://picsum.photos/500/300?random=1";1;1;"2022-05-01 00:00:00";"2022-05-01 00:00:00"
207;"Toy Story";"1995-11-19 00:00:00";"https://picsum.photos/500/300?random=1";3;1;"2022-05-01 00:00:00";"2022-05-01 00:00:00"
208;"Tom and Huck";"1995-12-22 00:00:00";"https://picsum.photos/500/300?random=1";2;1;"2022-05-01 00:00:00";"2022-05-01 00:00:00"
209;"Muppet Treasure Island";"1996-02-16 00:00:00";"https://picsum.photos/500/300?random=1";5;1;"2022-05-01 00:00:00";"2022-05-01 00:00:00"
210;"Homeward Bound II: Lost in San Francisco";"1996-03-08 00:00:00";"https://picsum.photos/500/300?random=1";4;0;"2022-05-01 00:00:00";"2022-05-01 00:00:00"
211;"James and the Giant Peach";"1996-04-12 00:00:00";"https://picsum.photos/500/300?random=1";3;0;"2022-05-01 00:00:00";"2022-05-01 00:00:00"
212;"The Hunchback of Notre Dame";"1996-06-21 00:00:00";"https://picsum.photos/500/300?random=1";5;1;"2022-05-01 00:00:00";"2022-05-01 00:00:00"
213;"First Kid";"1996-08-30 00:00:00";"https://picsum.photos/500/300?random=1";2;1;"2022-05-01 00:00:00";"2022-05-01 00:00:00"
214;"D3: The Mighty Ducks";"1996-10-04 00:00:00";"https://picsum.photos/500/300?random=1";4;0;"2022-05-01 00:00:00";"2022-05-01 00:00:00"
215;"101 Dalmatians";"1996-11-27 00:00:00";"https://picsum.photos/500/300?random=1";2;1;"2022-05-01 00:00:00";"2022-05-01 00:00:00"
216;"That Darn Cat";"1997-02-14 00:00:00";"https://picsum.photos/500/300?random=1";3;1;"2022-05-01 00:00:00";"2022-05-01 00:00:00"
217;"Jungle 2 Jungle";"1997-03-07 00:00:00";"https://picsum.photos/500/300?random=1";3;1;"2022-05-01 00:00:00";"2022-05-01 00:00:00"
218;"Hercules";"1997-06-13 00:00:00";"https://picsum.photos/500/300?random=1";4;0;"2022-05-01 00:00:00";"2022-05-01 00:00:00"
219;"George of the Jungle";"1997-07-16 00:00:00";"https://picsum.photos/500/300?random=1";4;1;"2022-05-01 00:00:00";"2022-05-01 00:00:00"
220;"Air Bud";"1997-08-01 00:00:00";"https://picsum.photos/500/300?random=1";4;1;"2022-05-01 00:00:00";"2022-05-01 00:00:00"
221;"RocketMan";"1997-10-10 00:00:00";"https://picsum.photos/500/300?random=1";3;1;"2022-05-01 00:00:00";"2022-05-01 00:00:00"
222;"Flubber";"1997-11-16 00:00:00";"https://picsum.photos/500/300?random=1";3;1;"2022-05-01 00:00:00";"2022-05-01 00:00:00"
223;"Mr. Magoo";"1997-12-25 00:00:00";"https://picsum.photos/500/300?random=1";3;1;"2022-05-01 00:00:00";"2022-05-01 00:00:00"
224;"Meet the Deedles";"1998-03-27 00:00:00";"https://picsum.photos/500/300?random=1";2;1;"2022-05-01 00:00:00";"2022-05-01 00:00:00"
225;"Mulan";"1998-06-19 00:00:00";"https://picsum.photos/500/300?random=1";3;1;"2022-05-01 00:00:00";"2022-05-01 00:00:00"
226;"The Parent Trap";"1998-07-29 00:00:00";"https://picsum.photos/500/300?random=1";2;1;"2022-05-01 00:00:00";"2022-05-01 00:00:00"
227;"I'll Be Home for Christmas";"1998-11-13 00:00:00";"https://picsum.photos/500/300?random=1";3;0;"2022-05-01 00:00:00";"2022-05-01 00:00:00"
228;"A Bug's Life";"1998-11-20 00:00:00";"https://picsum.photos/500/300?random=1";1;0;"2022-05-01 00:00:00";"2022-05-01 00:00:00"
229;"Mighty Joe Young";"1998-12-25 00:00:00";"https://picsum.photos/500/300?random=1";2;0;"2022-05-01 00:00:00";"2022-05-01 00:00:00"
230;"My Favorite Martian";"1999-02-12 00:00:00";"https://picsum.photos/500/300?random=1";1;0;"2022-05-01 00:00:00";"2022-05-01 00:00:00"
231;"Doug's 1st Movie";"1999-03-26 00:00:00";"https://picsum.photos/500/300?random=1";1;0;"2022-05-01 00:00:00";"2022-05-01 00:00:00"
232;"Endurance";"1999-02-05 00:00:00";"https://picsum.photos/500/300?random=1";4;1;"2022-05-01 00:00:00";"2022-05-01 00:00:00"
233;"Tarzan";"1999-06-12 00:00:00";"https://picsum.photos/500/300?random=1";4;0;"2022-05-01 00:00:00";"2022-05-01 00:00:00"
234;"Inspector Gadget";"1999-07-23 00:00:00";"https://picsum.photos/500/300?random=1";5;0;"2022-05-01 00:00:00";"2022-05-01 00:00:00"
236;"Toy Story 2";"1999-11-13 00:00:00";"";1;0;"2022-05-01 00:00:00";"2022-05-01 00:00:00"
237;"Fantasia 2000";"1999-12-17 00:00:00";"";5;1;"2022-05-01 00:00:00";"2022-05-01 00:00:00"
238;"The Tigger Movie";"2000-02-11 00:00:00";"";3;0;"2022-05-01 00:00:00";"2022-05-01 00:00:00"
239;"Dinosaur";"2000-05-19 00:00:00";"https://picsum.photos/500/300?random=1";4;1;"2022-05-01 00:00:00";"2022-05-01 00:00:00"
240;"The Kid";"2000-07-07 00:00:00";"";1;1;"2022-05-01 00:00:00";"2022-05-01 00:00:00"
241;"Remember The Titans";"2000-09-29 00:00:00";"";3;0;"2022-05-01 00:00:00";"2022-05-01 00:00:00"
242;"102 Dalmatians";"2000-11-22 00:00:00";"";1;1;"2022-05-01 00:00:00";"2022-05-01 00:00:00"
243;"The Emperor's New Groove";"2000-12-15 00:00:00";"https://picsum.photos/500/300?random=1";2;1;"2022-05-01 00:00:00";"2022-05-01 00:00:00"
244;"Recess: School's Out";"2001-02-10 00:00:00";"";5;0;"2022-05-01 00:00:00";"2022-05-01 00:00:00"
245;"Atlantis: The Lost Empire";"2001-06-03 00:00:00";"https://picsum.photos/500/300?random=1";4;1;"2022-05-01 00:00:00";"2022-05-01 00:00:00"
246;"The Princess Diaries";"2001-08-03 00:00:00";"";1;1;"2022-05-01 00:00:00";"2022-05-01 00:00:00"
247;"Max Keeble's Big Move";"2001-10-05 00:00:00";"";3;1;"2022-05-01 00:00:00";"2022-05-01 00:00:00"
248;"Monsters, Inc.";"2001-10-28 00:00:00";"";1;1;"2022-05-01 00:00:00";"2022-05-01 00:00:00"
249;"Snow Dogs";"2002-01-18 00:00:00";"";5;0;"2022-05-01 00:00:00";"2022-05-01 00:00:00"
250;"Return to Never Land";"2002-02-10 00:00:00";"";4;1;"2022-05-01 00:00:00";"2022-05-01 00:00:00"
251;"The Rookie";"2002-03-29 00:00:00";"";5;0;"2022-05-01 00:00:00";"2022-05-01 00:00:00"
252;"Lilo & Stitch";"2002-06-21 00:00:00";"https://picsum.photos/500/300?random=1";4;1;"2022-05-01 00:00:00";"2022-05-01 00:00:00"
253;"The Country Bears";"2002-07-21 00:00:00";"";1;1;"2022-05-01 00:00:00";"2022-05-01 00:00:00"
254;"Tuck Everlasting";"2002-10-11 00:00:00";"";4;0;"2022-05-01 00:00:00";"2022-05-01 00:00:00"
255;"The Santa Clause 2";"2002-11-01 00:00:00";"";1;1;"2022-05-01 00:00:00";"2022-05-01 00:00:00"
256;"Treasure Planet";"2002-11-27 00:00:00";"https://picsum.photos/500/300?random=1";5;0;"2022-05-01 00:00:00";"2022-05-01 00:00:00"
257;"The Jungle Book 2";"2003-02-14 00:00:00";"";2;1;"2022-05-01 00:00:00";"2022-05-01 00:00:00"
258;"Piglet's Big Movie";"2003-03-16 00:00:00";"";3;0;"2022-05-01 00:00:00";"2022-05-01 00:00:00"
259;"Ghosts of the Abyss";"2003-03-31 00:00:00";"";2;0;"2022-05-01 00:00:00";"2022-05-01 00:00:00"
260;"Holes";"2003-04-18 00:00:00";"";4;1;"2022-05-01 00:00:00";"2022-05-01 00:00:00"
261;"The Lizzie McGuire Movie";"2003-05-02 00:00:00";"";2;0;"2022-05-01 00:00:00";"2022-05-01 00:00:00"
262;"Finding Nemo";"2003-05-30 00:00:00";"";2;1;"2022-05-01 00:00:00";"2022-05-01 00:00:00"
264;"Freaky Friday";"2003-08-04 00:00:00";"";1;1;"2022-05-01 00:00:00";"2022-05-01 00:00:00"
265;"Brother Bear";"2003-11-01 00:00:00";"https://picsum.photos/500/300?random=1";1;0;"2022-05-01 00:00:00";"2022-05-01 00:00:00"
266;"The Haunted Mansion";"2003-11-26 00:00:00";"";5;1;"2022-05-01 00:00:00";"2022-05-01 00:00:00"
267;"The Young Black Stallion";"2003-12-25 00:00:00";"";1;0;"2022-05-01 00:00:00";"2022-05-01 00:00:00"
268;"Teacher's Pet";"2004-01-16 00:00:00";"";4;1;"2022-05-01 00:00:00";"2022-05-01 00:00:00"
269;"Miracle";"2004-02-06 00:00:00";"";3;0;"2022-05-01 00:00:00";"2022-05-01 00:00:00"
270;"Confessions of a Teenage Drama Queen";"2004-02-20 00:00:00";"";1;0;"2022-05-01 00:00:00";"2022-05-01 00:00:00"
271;"Home on the Range";"2004-04-02 00:00:00";"https://picsum.photos/500/300?random=1";3;1;"2022-05-01 00:00:00";"2022-05-01 00:00:00"
272;"Sacred Planet";"2004-04-22 00:00:00";"";2;1;"2022-05-01 00:00:00";"2022-05-01 00:00:00"
273;"Around the World in 80 Days";"2004-06-13 00:00:00";"";3;0;"2022-05-01 00:00:00";"2022-05-01 00:00:00"
274;"America's Heart and Soul";"2004-07-02 00:00:00";"";3;1;"2022-05-01 00:00:00";"2022-05-01 00:00:00"
275;"The Princess Diaries 2: Royal Engagement";"2004-08-11 00:00:00";"";4;1;"2022-05-01 00:00:00";"2022-05-01 00:00:00"
276;"The Incredibles";"2004-10-27 00:00:00";"";4;0;"2022-05-01 00:00:00";"2022-05-01 00:00:00"
277;"National Treasure";"2004-11-19 00:00:00";"";4;1;"2022-05-01 00:00:00";"2022-05-01 00:00:00"
278;"Aliens of the Deep";"2005-01-28 00:00:00";"";4;1;"2022-05-01 00:00:00";"2022-05-01 00:00:00"
279;"Pooh's Heffalump Movie";"2005-02-11 00:00:00";"";3;1;"2022-05-01 00:00:00";"2022-05-01 00:00:00"
280;"The Pacifier";"2005-03-04 00:00:00";"";2;0;"2022-05-01 00:00:00";"2022-05-01 00:00:00"
281;"Ice Princess";"2005-03-18 00:00:00";"";4;1;"2022-05-01 00:00:00";"2022-05-01 00:00:00"
282;"Herbie: Fully Loaded";"2005-06-22 00:00:00";"";3;1;"2022-05-01 00:00:00";"2022-05-01 00:00:00"
283;"Sky High";"2005-07-29 00:00:00";"";5;1;"2022-05-01 00:00:00";"2022-05-01 00:00:00"
284;"Valiant";"2005-03-25 00:00:00";"";3;0;"2022-05-01 00:00:00";"2022-05-01 00:00:00"
285;"The Greatest Game Ever Played";"2005-09-30 00:00:00";"";1;1;"2022-05-01 00:00:00";"2022-05-01 00:00:00"
286;"Chicken Little";"2005-10-30 00:00:00";"https://picsum.photos/500/300?random=1";1;0;"2022-05-01 00:00:00";"2022-05-01 00:00:00"
288;"Glory Road's";"2006-01-13 00:00:00";"";2;1;"2022-05-01 00:00:00";"2022-05-01 00:00:00"
289;"Roving Mars";"2006-01-27 00:00:00";"";3;1;"2022-05-01 00:00:00";"2022-05-01 00:00:00"
290;"Eight Below";"2006-02-17 00:00:00";"";5;1;"2022-05-01 00:00:00";"2022-05-01 00:00:00"
291;"The Shaggy Dog";"2006-03-10 00:00:00";"";3;0;"2022-05-01 00:00:00";"2022-05-01 00:00:00"
292;"The Wild";"2006-04-14 00:00:00";"";2;0;"2022-05-01 00:00:00";"2022-05-01 00:00:00"
293;"Cars";"2006-05-26 00:00:00";"";5;1;"2022-05-01 00:00:00";"2022-05-01 00:00:00"
294;"Pirates of the Caribbean: Dead Man's Chest";"2006-06-24 00:00:00";"";3;0;"2022-05-01 00:00:00";"2022-05-01 00:00:00"
295;"Invincible";"2006-08-25 00:00:00";"";2;0;"2022-05-01 00:00:00";"2022-05-01 00:00:00"
296;"The Nightmare Before Christmas";"1993-10-29 00:00:00";"";4;1;"2022-05-01 00:00:00";"2022-05-01 00:00:00"
297;"The Santa Clause 3: The Escape Clause";"2006-11-03 00:00:00";"";4;0;"2022-05-01 00:00:00";"2022-05-01 00:00:00"
298;"Bridge to Terabithia";"2007-02-16 00:00:00";"";3;0;"2022-05-01 00:00:00";"2022-05-01 00:00:00"
299;"Meet the Robinsons";"2007-03-23 00:00:00";"https://picsum.photos/500/300?random=1";4;1;"2022-05-01 00:00:00";"2022-05-01 00:00:00"
300;"Pirates of the Caribbean: At World's End";"2007-05-19 00:00:00";"";3;1;"2022-05-01 00:00:00";"2022-05-01 00:00:00"
301;"Ratatouille";"2007-06-22 00:00:00";"";2;1;"2022-05-01 00:00:00";"2022-05-01 00:00:00"
302;"Underdog";"2007-08-03 00:00:00";"";5;0;"2022-05-01 00:00:00";"2022-05-01 00:00:00"
303;"The Pixar Story";"2007-08-28 00:00:00";"";1;1;"2022-05-01 00:00:00";"2022-05-01 00:00:00"
304;"The Game Plan";"2007-09-23 00:00:00";"";3;0;"2022-05-01 00:00:00";"2022-05-01 00:00:00"
305;"Enchanted";"2007-10-20 00:00:00";"";3;0;"2022-05-01 00:00:00";"2022-05-01 00:00:00"
306;"National Treasure: Book of Secrets";"2007-12-21 00:00:00";"";3;1;"2022-05-01 00:00:00";"2022-05-01 00:00:00"
308;"College Road Trip";"2008-03-07 00:00:00";"";1;0;"2022-05-01 00:00:00";"2022-05-01 00:00:00"
309;"The Chronicles of Narnia: Prince Caspian";"2008-05-07 00:00:00";"";4;0;"2022-05-01 00:00:00";"2022-05-01 00:00:00"
310;"WALL-E";"2008-06-23 00:00:00";"";2;0;"2022-05-01 00:00:00";"2022-05-01 00:00:00"
311;"Beverly Hills Chihuahua";"2008-09-26 00:00:00";"";5;0;"2022-05-01 00:00:00";"2022-05-01 00:00:00"
312;"Morning Light";"2008-10-17 00:00:00";"";1;1;"2022-05-01 00:00:00";"2022-05-01 00:00:00"
313;"High School Musical 3: Senior Year";"2008-10-17 00:00:00";"";3;1;"2022-05-01 00:00:00";"2022-05-01 00:00:00"
314;"Bolt";"2008-11-21 00:00:00";"https://picsum.photos/500/300?random=1";5;0;"2022-05-01 00:00:00";"2022-05-01 00:00:00"
315;"Bedtime Stories";"2008-12-25 00:00:00";"";3;1;"2022-05-01 00:00:00";"2022-05-01 00:00:00"
316;"Jonas Brothers: The 3D Concert Experience";"2009-02-27 00:00:00";"";1;0;"2022-05-01 00:00:00";"2022-05-01 00:00:00"
317;"Race to Witch Mountain";"2009-03-11 00:00:00";"";2;0;"2022-05-01 00:00:00";"2022-05-01 00:00:00"
318;"Hannah Montana: The Movie";"2009-04-10 00:00:00";"";5;1;"2022-05-01 00:00:00";"2022-05-01 00:00:00"
319;"Earth";"2007-10-10 00:00:00";"";3;0;"2022-05-01 00:00:00";"2022-05-01 00:00:00"
320;"Up";"2009-05-29 00:00:00";"";3;1;"2022-05-01 00:00:00";"2022-05-01 00:00:00"
322;"G-Force";"2009-07-24 00:00:00";"";2;1;"2022-05-01 00:00:00";"2022-05-01 00:00:00"
325;"A Christmas Carol";"2009-11-03 00:00:00";"";1;0;"2022-05-01 00:00:00";"2022-05-01 00:00:00"
326;"Old Dogs";"2009-11-25 00:00:00";"";2;0;"2022-05-01 00:00:00";"2022-05-01 00:00:00"
327;"The Princess and the Frog";"2009-11-25 00:00:00";"https://picsum.photos/500/300?random=1";1;1;"2022-05-01 00:00:00";"2022-05-01 00:00:00"
328;"Alice in Wonderland";"2010-02-25 00:00:00";"https://picsum.photos/500/300?random=1";3;1;"2022-05-01 00:00:00";"2022-05-01 00:00:00"
329;"Waking Sleeping Beauty";"2009-09-06 00:00:00";"";1;1;"2022-05-01 00:00:00";"2022-05-01 00:00:00"
330;"Oceans";"2009-10-17 00:00:00";"";1;1;"2022-05-01 00:00:00";"2022-05-01 00:00:00"
331;"Prince of Persia: The Sands of Time";"2010-05-09 00:00:00";"";2;0;"2022-05-01 00:00:00";"2022-05-01 00:00:00"
332;"Toy Story 3";"2010-06-12 00:00:00";"";4;1;"2022-05-01 00:00:00";"2022-05-01 00:00:00"
333;"The Sorcerer's Apprentice";"2010-07-08 00:00:00";"";3;0;"2022-05-01 00:00:00";"2022-05-01 00:00:00"
334;"The Crimson Wing: Mystery of the Flamingos";"2008-10-26 00:00:00";"";4;1;"2022-05-01 00:00:00";"2022-05-01 00:00:00"
335;"Secretariat";"2010-09-30 00:00:00";"";3;1;"2022-05-01 00:00:00";"2022-05-01 00:00:00"
336;"Do Dooni Chaar";"2010-10-08 00:00:00";"";1;0;"2022-05-01 00:00:00";"2022-05-01 00:00:00"
337;"Tangled";"2010-11-14 00:00:00";"https://picsum.photos/500/300?random=1";1;0;"2022-05-01 00:00:00";"2022-05-01 00:00:00"
338;"The Boys: The Sherman Brothers' Story";"2009-04-24 00:00:00";"";2;1;"2022-05-01 00:00:00";"2022-05-01 00:00:00"
339;"Tron: Legacy";"2010-11-30 00:00:00";"";3;1;"2022-05-01 00:00:00";"2022-05-01 00:00:00"
340;"Anaganaga O Dheerudu";"2011-01-14 00:00:00";"";2;0;"2022-05-01 00:00:00";"2022-05-01 00:00:00"
341;"Lilly the Witch: The Journey to Mandolan";"2011-02-17 00:00:00";"";5;0;"2022-05-01 00:00:00";"2022-05-01 00:00:00"
342;"Mars Needs Moms";"2011-03-11 00:00:00";"";5;0;"2022-05-01 00:00:00";"2022-05-01 00:00:00"
343;"Zokkomon";"2011-04-22 00:00:00";"";3;1;"2022-05-01 00:00:00";"2022-05-01 00:00:00"
344;"African Cats";"2011-04-22 00:00:00";"";5;1;"2022-05-01 00:00:00";"2022-05-01 00:00:00"
345;"Prom";"2011-04-29 00:00:00";"";1;1;"2022-05-01 00:00:00";"2022-05-01 00:00:00"
346;"Pirates of the Caribbean: On Stranger Tides";"2011-05-07 00:00:00";"";4;0;"2022-05-01 00:00:00";"2022-05-01 00:00:00"
347;"Cars 2";"2011-06-18 00:00:00";"";5;0;"2022-05-01 00:00:00";"2022-05-01 00:00:00"
348;"Winnie the Pooh";"2011-04-06 00:00:00";"https://picsum.photos/500/300?random=1";4;0;"2022-05-01 00:00:00";"2022-05-01 00:00:00"
349;"The Muppets";"2011-11-04 00:00:00";"";1;0;"2022-05-01 00:00:00";"2022-05-01 00:00:00"
350;"John Carter";"2012-02-22 00:00:00";"";3;1;"2022-05-01 00:00:00";"2022-05-01 00:00:00"
351;"Chimpanzee";"2012-04-20 00:00:00";"";5;1;"2022-05-01 00:00:00";"2022-05-01 00:00:00"
352;"Arjun: The Warrior Prince";"2012-05-25 00:00:00";"";4;0;"2022-05-01 00:00:00";"2022-05-01 00:00:00"
353;"Brave";"2012-06-10 00:00:00";"";4;1;"2022-05-01 00:00:00";"2022-05-01 00:00:00"
354;"The Odd Life of Timothy Green";"2012-08-15 00:00:00";"";1;1;"2022-05-01 00:00:00";"2022-05-01 00:00:00"
355;"Frankenweenie";"2012-09-20 00:00:00";"";3;0;"2022-05-01 00:00:00";"2022-05-01 00:00:00"
356;"Wreck-It Ralph";"2012-10-29 00:00:00";"https://picsum.photos/500/300?random=1";2;0;"2022-05-01 00:00:00";"2022-05-01 00:00:00"
357;"Oz the Great and Powerful";"2013-02-14 00:00:00";"";3;1;"2022-05-01 00:00:00";"2022-05-01 00:00:00"
358;"Wings of Life";"2011-03-16 00:00:00";"";4;0;"2022-05-01 00:00:00";"2022-05-01 00:00:00"
359;"Monsters University";"2013-06-05 00:00:00";"";4;1;"2022-05-01 00:00:00";"2022-05-01 00:00:00"
360;"The Lone Ranger";"2013-06-22 00:00:00";"";4;0;"2022-05-01 00:00:00";"2022-05-01 00:00:00"
361;"Planes";"2013-08-02 00:00:00";"";1;0;"2022-05-01 00:00:00";"2022-05-01 00:00:00"
362;"Frozen";"2013-11-19 00:00:00";"https://picsum.photos/500/300?random=1";1;0;"2022-05-01 00:00:00";"2022-05-01 00:00:00"
363;"Saving Mr. Banks";"2013-10-20 00:00:00";"";4;1;"2022-05-01 00:00:00";"2022-05-01 00:00:00"
364;"Muppets Most Wanted";"2014-03-11 00:00:00";"";5;1;"2022-05-01 00:00:00";"2022-05-01 00:00:00"
365;"Bears";"2014-04-18 00:00:00";"";4;1;"2022-05-01 00:00:00";"2022-05-01 00:00:00"
366;"Million Dollar Arm";"2014-05-06 00:00:00";"";2;1;"2022-05-01 00:00:00";"2022-05-01 00:00:00"
367;"Maleficent";"2014-05-28 00:00:00";"";5;0;"2022-05-01 00:00:00";"2022-05-01 00:00:00"
368;"Planes: Fire & Rescue";"2014-07-15 00:00:00";"";3;1;"2022-05-01 00:00:00";"2022-05-01 00:00:00"
369;"Khoobsurat";"2014-09-19 00:00:00";"";1;1;"2022-05-01 00:00:00";"2022-05-01 00:00:00"
371;"Big Hero 6";"2014-10-23 00:00:00";"https://picsum.photos/500/300?random=1";5;0;"2022-05-01 00:00:00";"2022-05-01 00:00:00"
372;"Into the Woods";"2014-12-08 00:00:00";"";3;1;"2022-05-01 00:00:00";"2022-05-01 00:00:00"
373;"McFarland, USA";"2015-02-09 00:00:00";"";1;0;"2022-05-01 00:00:00";"2022-05-01 00:00:00"
374;"Cinderella";"2015-02-13 00:00:00";"https://picsum.photos/500/300?random=1";2;1;"2022-05-01 00:00:00";"2022-05-01 00:00:00"
375;"Monkey Kingdom";"2015-04-17 00:00:00";"";5;0;"2022-05-01 00:00:00";"2022-05-01 00:00:00"
376;"Tomorrowland";"2015-05-09 00:00:00";"";3;1;"2022-05-01 00:00:00";"2022-05-01 00:00:00"
377;"Inside Out";"2015-05-18 00:00:00";"";4;1;"2022-05-01 00:00:00";"2022-05-01 00:00:00"
378;"ABCD 2";"2015-06-19 00:00:00";"";3;0;"2022-05-01 00:00:00";"2022-05-01 00:00:00"
379;"The Good Dinosaur";"2015-11-10 00:00:00";"";3;0;"2022-05-01 00:00:00";"2022-05-01 00:00:00"
380;"The Finest Hours";"2016-01-25 00:00:00";"";5;1;"2022-05-01 00:00:00";"2022-05-01 00:00:00"
381;"Zootopia";"2016-02-13 00:00:00";"https://picsum.photos/500/300?random=1";3;0;"2022-05-01 00:00:00";"2022-05-01 00:00:00"
382;"The Jungle Book";"2016-04-04 00:00:00";"https://picsum.photos/500/300?random=1";2;1;"2022-05-01 00:00:00";"2022-05-01 00:00:00"
383;"Tini: The Movie";"2016-04-23 00:00:00";"";1;0;"2022-05-01 00:00:00";"2022-05-01 00:00:00"
384;"Alice Through the Looking Glass";"2016-05-10 00:00:00";"";4;0;"2022-05-01 00:00:00";"2022-05-01 00:00:00"
385;"Finding Dory";"2016-06-08 00:00:00";"";1;1;"2022-05-01 00:00:00";"2022-05-01 00:00:00"
386;"The BFG";"2016-05-14 00:00:00";"";4;1;"2022-05-01 00:00:00";"2022-05-01 00:00:00"
387;"Pete's Dragon";"2016-08-08 00:00:00";"";1;0;"2022-05-01 00:00:00";"2022-05-01 00:00:00"
388;"Queen of Katwe";"2016-09-10 00:00:00";"";2;1;"2022-05-01 00:00:00";"2022-05-01 00:00:00"
389;"Moana";"2016-11-14 00:00:00";"https://picsum.photos/500/300?random=1";2;0;"2022-05-01 00:00:00";"2022-05-01 00:00:00"
390;"Dangal";"2016-12-21 00:00:00";"";4;0;"2022-05-01 00:00:00";"2022-05-01 00:00:00"
391;"March of the Penguins";"2005-01-26 00:00:00";"";1;1;"2022-05-01 00:00:00";"2022-05-01 00:00:00"
392;"Beauty and the Beast";"2017-02-23 00:00:00";"https://picsum.photos/500/300?random=1";5;0;"2022-05-01 00:00:00";"2022-05-01 00:00:00"
393;"Born in China";"2016-08-12 00:00:00";"";2;0;"2022-05-01 00:00:00";"2022-05-01 00:00:00"
394;"Pirates of the Caribbean: Dead Men Tell No Tales";"2017-05-11 00:00:00";"";3;0;"2022-05-01 00:00:00";"2022-05-01 00:00:00"
395;"Cars 3";"2017-05-23 00:00:00";"";4;0;"2022-05-01 00:00:00";"2022-05-01 00:00:00"
396;"Ghost of the Mountains";"2017-06-30 00:00:00";"";2;0;"2022-05-01 00:00:00";"2022-05-01 00:00:00"
397;"Jagga Jasoos";"2017-07-14 00:00:00";"";3;0;"2022-05-01 00:00:00";"2022-05-01 00:00:00"
398;"Coco";"2017-10-20 00:00:00";"";5;1;"2022-05-01 00:00:00";"2022-05-01 00:00:00"
399;"A Wrinkle in Time";"2018-02-26 00:00:00";"";3;1;"2022-05-01 00:00:00";"2022-05-01 00:00:00"
400;"Incredibles 2";"2018-06-05 00:00:00";"";3;1;"2022-05-01 00:00:00";"2022-05-01 00:00:00"
401;"Christopher Robin";"2018-07-30 00:00:00";"";2;0;"2022-05-01 00:00:00";"2022-05-01 00:00:00"
402;"The Nutcracker and the Four Realms";"2018-10-29 00:00:00";"";2;1;"2022-05-01 00:00:00";"2022-05-01 00:00:00"
403;"Ralph Breaks the Internet";"2018-11-05 00:00:00";"";2;1;"2022-05-01 00:00:00";"2022-05-01 00:00:00"
404;"Mary Poppins Returns";"2018-11-29 00:00:00";"";4;1;"2022-05-01 00:00:00";"2022-05-01 00:00:00"
405;"Dumbo";"2019-03-11 00:00:00";"https://picsum.photos/500/300?random=1";3;1;"2022-05-01 00:00:00";"2022-05-01 00:00:00"
406;"Penguins";"2019-04-17 00:00:00";"";3;0;"2022-05-01 00:00:00";"2022-05-01 00:00:00"
407;"Aladdin";"2019-05-08 00:00:00";"https://picsum.photos/500/300?random=1";3;0;"2022-05-01 00:00:00";"2022-05-01 00:00:00"
408;"Toy Story 4";"2019-06-11 00:00:00";"";5;1;"2022-05-01 00:00:00";"2022-05-01 00:00:00"
409;"The Lion King";"2019-07-09 00:00:00";"https://picsum.photos/500/300?random=1";4;1;"2022-05-01 00:00:00";"2022-05-01 00:00:00"
410;"Maleficent: Mistress of Evil";"2019-10-18 00:00:00";"";1;1;"2022-05-01 00:00:00";"2022-05-01 00:00:00"
411;"Lady and the Tramp";"2019-11-12 00:00:00";"https://picsum.photos/500/300?random=1";2;1;"2022-05-01 00:00:00";"2022-05-01 00:00:00"
412;"Noelle";"2019-11-12 00:00:00";"";1;0;"2022-05-01 00:00:00";"2022-05-01 00:00:00"
413;"Frozen II";"2019-11-07 00:00:00";"";3;1;"2022-05-01 00:00:00";"2022-05-01 00:00:00"
414;"Togo";"2019-12-20 00:00:00";"";5;0;"2022-05-01 00:00:00";"2022-05-01 00:00:00"
415;"Timmy Failure: Mistakes Were Made";"2020-01-25 00:00:00";"";2;1;"2022-05-01 00:00:00";"2022-05-01 00:00:00"
416;"Onward";"2020-02-21 00:00:00";"";3;1;"2022-05-01 00:00:00";"2022-05-01 00:00:00"
417;"Stargirl";"2020-03-13 00:00:00";"";4;0;"2022-05-01 00:00:00";"2022-05-01 00:00:00"
418;"Dolphin Reef";"2018-03-28 00:00:00";"";2;0;"2022-05-01 00:00:00";"2022-05-01 00:00:00"
419;"Elephant";"2020-04-03 00:00:00";"";3;1;"2022-05-01 00:00:00";"2022-05-01 00:00:00"
420;"Artemis Fowl";"2020-06-12 00:00:00";"";4;0;"2022-05-01 00:00:00";"2022-05-01 00:00:00"
421;"Hamilton";"2020-07-03 00:00:00";"";2;1;"2022-05-01 00:00:00";"2022-05-01 00:00:00"
422;"Black Is King";"2020-07-31 00:00:00";"";2;1;"2022-05-01 00:00:00";"2022-05-01 00:00:00"
423;"Magic Camp";"2020-08-14 00:00:00";"";2;0;"2022-05-01 00:00:00";"2022-05-01 00:00:00"
424;"The One and Only Ivan";"2020-08-21 00:00:00";"";1;1;"2022-05-01 00:00:00";"2022-05-01 00:00:00"
425;"Mulan";"2020-03-09 00:00:00";"https://picsum.photos/500/300?random=1";4;1;"2022-05-01 00:00:00";"2022-05-01 00:00:00"
426;"Academy Award Review of";"1937-05-19 00:00:00";"https://picsum.photos/500/300?random=1";2;0;"2022-05-01 00:00:00";"2022-05-01 00:00:00"
427;"Soul";"2020-10-15 00:00:00";"";2;0;"2022-05-01 00:00:00";"2022-05-01 00:00:00"
428;"Raya and the Last Dragon";"2021-03-12 00:00:00";"";4;0;"2022-05-01 00:00:00";"2022-05-01 00:00:00"
429;"Cruella";"2021-05-28 00:00:00";"";5;1;"2022-05-01 00:00:00";"2022-05-01 00:00:00"
430;"Jungle Cruise";"2021-07-30 00:00:00";"";4;1;"2022-05-01 00:00:00";"2022-05-01 00:00:00"
431;"The Beatles: Get Back";"2021-08-27 00:00:00";"";3;1;"2022-05-01 00:00:00";"2022-05-01 00:00:00"
